<?xml version="1.0" encoding="utf-8"?>
<gpc defaultLocale="en_US" version="4" keySequence="5" currentLocale="en_US">
  <product appid="PHSP" version="14" name="Photoshop CC"/>
  <target id="PHSP-14"/>
  <ConfiguratorPanel name="Command Bar" width="300" height="200" minWidth="150" minHeight="216" maxHeight="216" init="doInit" close="doClose" persistent="true" normalIcon="res/CommandBarIcon.png" darkNormalIcon="res/res0_CommandBarIcon.png" extensionId="CommandBarCC" extensionVersion="1.0.0" menuName="Command Bar" flyoutMenuAbout="$$$/Configurator/FlyoutMenu/about">
    <onInit><![CDATA[]]></onInit>
    <aboutBox><![CDATA[<br/><p><a href='http://labs.adobe.com/technologies/configurator/' target='_blank'>Created with Configurator</a></p>]]></aboutBox>
    <extensionDescription><![CDATA[A great helpful tool for calling commands when you don't know where to find them or don't feel like clicking through the menus.  This is a Great add-on for CAD users who are use to a command box. Enjoy!]]></extensionDescription>
    <extensionAuthor><![CDATA[Rehan Butt]]></extensionAuthor>
    <onClose><![CDATA[]]></onClose>
    <eventListeners>
      <function id="doInit" actionType="jsfunction" jsFunctionName="invoke_script">
        <param id="onInit"/>
      </function>
      <function id="doClose" actionType="jsfunction" jsFunctionName="invoke_script">
        <param id="onClose"/>
      </function>
    </eventListeners>
    <ps_widget_feature _itemId="ps_widget_feature" toolTip="$$$/Configurator/Widget/Feature/desc" searchPrompt="$$$/Configurator/Widget/Feature/searchPrompt" noItemFoundPrompt="$$$/Configurator/Widget/Feature/noItemFoundPrompt" width="100%" height="100%" cfgVisible="$$$/Configurator/Attribute/visible/value###1" x="0" y="0"/>
  </ConfiguratorPanel>
  <images/>
  <scripts/>
  <elements>
    <element id="ConfiguratorPanel" classRT="com.adobe.configurator2.component.panel.PanelRuntime">
      <attr id="name" meta="UI_ACCESSOR" translate="y"/>
      <attr id="minWidth" meta="UI_ACCESSOR" translate="y"/>
      <attr id="minHeight" meta="UI_ACCESSOR" translate="y"/>
      <attr id="maxWidth" meta="UI_ACCESSOR" translate="y"/>
      <attr id="maxHeight" meta="UI_ACCESSOR" translate="y"/>
      <attr id="persistent" meta="Other" translate="y"/>
      <attr id="extensionId" meta="Other" translate="y"/>
      <attr id="extensionVersion" meta="Other" translate="y"/>
      <attr id="extensionAuthor" meta="Other" translate="y"/>
      <attr id="extensionDescription" meta="Other" translate="y"/>
      <attr id="menuName" meta="Other" translate="y"/>
      <attr id="init" meta="EVENT" translate="y"/>
      <attr id="close" meta="EVENT" translate="y"/>
      <attr id="onInit" meta="UI_ACCESSOR" translate="y"/>
      <attr id="aboutBox" meta="UI_ACCESSOR" localize="y" translate="y"/>
      <attr id="flyoutMenuAbout" meta="Other" localize="y" translate="y"/>
      <attr id="normalIcon" meta="UI_ACCESSOR" translate="y"/>
      <attr id="rollOverIcon" meta="UI_ACCESSOR" translate="y"/>
      <attr id="darkNormalIcon" meta="UI_ACCESSOR" translate="y"/>
      <attr id="width" meta="UI_ACCESSOR" translate="y"/>
      <attr id="height" meta="UI_ACCESSOR" translate="y"/>
    </element>
    <element id="ps_widget_feature" classRT="com.adobe.configurator2.component.FeatureSearchRuntime">
      <attr id="toolTip" meta="UI_ACCESSOR" localize="y" translate="y"/>
      <attr id="searchPrompt" meta="UI_ACCESSOR" translate="y"/>
      <attr id="noItemFoundPrompt" meta="UI_ACCESSOR" translate="y"/>
      <attr id="top" meta="UI_STYLE" translate="y"/>
      <attr id="bottom" meta="UI_STYLE" translate="y"/>
      <attr id="left" meta="UI_STYLE" translate="y"/>
      <attr id="right" meta="UI_STYLE" translate="y"/>
      <attr id="horizontalCenter" meta="UI_STYLE" translate="y"/>
      <attr id="verticalCenter" meta="UI_STYLE" translate="y"/>
      <attr id="x" meta="UI_ACCESSOR" translate="y"/>
      <attr id="y" meta="UI_ACCESSOR" translate="y"/>
      <attr id="cfgVisible" meta="UI_ACCESSOR" localize="y"/>
      <attr id="width" meta="UI_ACCESSOR" translate="y"/>
      <attr id="height" meta="UI_ACCESSOR" translate="y"/>
      <attr id="top" meta="UI_STYLE" translate="y"/>
      <attr id="bottom" meta="UI_STYLE" translate="y"/>
      <attr id="left" meta="UI_STYLE" translate="y"/>
      <attr id="right" meta="UI_STYLE" translate="y"/>
      <attr id="horizontalCenter" meta="UI_STYLE" translate="y"/>
      <attr id="verticalCenter" meta="UI_STYLE" translate="y"/>
      <attr id="x" meta="UI_ACCESSOR" translate="y"/>
      <attr id="y" meta="UI_ACCESSOR" translate="y"/>
      <attr id="cfgVisible" meta="UI_ACCESSOR" localize="y"/>
      <attr id="width" meta="UI_ACCESSOR" translate="y"/>
      <attr id="height" meta="UI_ACCESSOR" translate="y"/>
    </element>
  </elements>
  <properties>
    <property id="LocaleSearchPath2">${HostProductRoot}/Locales/${LocaleID}/Support Files/Panels/${PanelName}/dictionary.xml</property>
    <property id="LocaleSearchPath1">${HostProductRoot}/Locales/${LocaleID}/Support Files/Panels/fsPanels.xml</property>
  </properties>
</gpc>